{"mae": 2903.5375046756003, "rmse": 3747.393332500019}